"","ModelNumber","modelName","variable","effect","post.mean","l.95..CI","u.95..CI","eff.samp","pMCMC"
"1",1,"Climatology interaction Tundra","(Intercept)","fixed",0.281176109723507,-0.0121113516215701,0.596565163839841,3324,0.0716004813477737
"2",1,"Climatology interaction Tundra","tempc","fixed",0.0096204016882065,-0.016496769952937,0.0377791157494052,3324.00000000001,0.487966305655836
"3",1,"Climatology interaction Tundra","precip","fixed",-9.52566535317926e-05,-0.000408452382544056,0.00025445031496929,2705.54343152875,0.561973525872443
"4",1,"Climatology interaction Tundra","tempc:precip","fixed",-1.2870473145529e-06,-4.53186803497374e-05,4.34522444265895e-05,3324,0.956678700361011
"5",1,"Climatology interaction Tundra","(Intercept):(Intercept).geo.coords","random",0.055523524505565,1.05161988140769e-12,0.120551813562022,635.531130324019,NA
"6",1,"Climatology interaction Tundra","units","residual",0.348054872115162,0.291876516139844,0.406371279727767,945.916283447456,NA
"7",2,"Climatology interaction Savanna","(Intercept)","fixed",0.798878902668556,-0.776394763583085,2.44216237598448,3324,0.324308062575211
"8",2,"Climatology interaction Savanna","tempc","fixed",-0.0250662092098522,-0.089882239641156,0.0381306880162811,3502.86316807341,0.435018050541516
"9",2,"Climatology interaction Savanna","precip","fixed",-0.00125127776134566,-0.00280078294963459,0.000294107137960964,3324,0.117930204572804
"10",2,"Climatology interaction Savanna","tempc:precip","fixed",6.19580906984576e-05,-1.08694439404644e-06,0.000125334365293384,3324,0.0667870036101084
"11",2,"Climatology interaction Savanna","(Intercept):(Intercept).geo.coords","random",0.144650627336968,0.0580902125110005,0.263925426420654,3267.87773406352,NA
"12",2,"Climatology interaction Savanna","units","residual",0.593126552468359,0.532890726038798,0.651859227517385,3463.30095517567,NA
"13",3,"MAT Tundra rate vs rate","(Intercept)","fixed",0.374196551964208,0.219849941655411,0.543582713551586,3400,0.000294117647058824
"14",3,"MAT Tundra rate vs rate","estimate","fixed",-3.23104501093262,-4.81998739647679,-1.60094238592137,3400,0.000294117647058824
"15",3,"MAT Tundra rate vs rate","(Intercept):(Intercept).geo.coords","random",0.0632377507979175,0.00779347401414642,0.13392380552985,3400,NA
"16",3,"MAT Tundra rate vs rate","units","residual",0.326688746154909,0.275026520856207,0.379125905751611,3400.00000000001,NA
"17",4,"MAT Savanna rate vs rate","(Intercept)","fixed",0.406761014408207,0.233008773248002,0.597648398048477,3400,0.000294117647058824
"18",4,"MAT Savanna rate vs rate","estimate","fixed",-1.67557473334957,-4.37414479792278,1.07051359090838,3571.34491032123,0.237058823529412
"19",4,"MAT Savanna rate vs rate","(Intercept):(Intercept).geo.coords","random",0.162675535336073,0.0608822322604219,0.284092093888099,3121.24410379144,NA
"20",4,"MAT Savanna rate vs rate","units","residual",0.596372870608248,0.536704210526001,0.656159200042172,3400,NA
"21",5,"MAT Jun-Jul Tundra rate vs rate","(Intercept)","fixed",0.152985049556386,0.00731399967742163,0.297960599404178,3270.35408459214,0.0411764705882354
"22",5,"MAT Jun-Jul Tundra rate vs rate","estimate","fixed",0.581562407778828,-0.972638173700034,2.21329211653574,3400,0.479411764705882
"23",5,"MAT Jun-Jul Tundra rate vs rate","(Intercept):(Intercept).geo.coords","random",0.0628019136259702,0.0121582931017693,0.132624037789648,3419.882555157,NA
"24",5,"MAT Jun-Jul Tundra rate vs rate","units","residual",0.344251875015316,0.28791610501483,0.401524478081902,3400,NA
"25",6,"MAT Jun-Jul Savanna rate vs rate","(Intercept)","fixed",0.412777519370976,0.222846554417629,0.589946558902739,2561.23583577808,0.000294117647058824
"26",6,"MAT Jun-Jul Savanna rate vs rate","estimate","fixed",-1.42292897957063,-2.91520667562145,0.170852097246097,3064.12691717505,0.0729411764705882
"27",6,"MAT Jun-Jul Savanna rate vs rate","(Intercept):(Intercept).geo.coords","random",0.16684816783498,0.0619479366335548,0.289949380757375,3160.67087425198,NA
"28",6,"MAT Jun-Jul Savanna rate vs rate","units","residual",0.596186508272473,0.533258378172405,0.65509397540635,3399.99999999999,NA
"29",7,"MAT Jan-Feb Tundra rate vs rate","(Intercept)","fixed",0.282633074164115,0.162638849840732,0.425953860781192,3400,0.000294117647058824
"30",7,"MAT Jan-Feb Tundra rate vs rate","estimate","fixed",-1.35681775388427,-1.90822546847266,-0.774055108397533,3400,0.000294117647058824
"31",7,"MAT Jan-Feb Tundra rate vs rate","(Intercept):(Intercept).geo.coords","random",0.059278894430641,0.0107470009149841,0.125893862389052,3399.99999999999,NA
"32",7,"MAT Jan-Feb Tundra rate vs rate","units","residual",0.32193637048319,0.270123705493209,0.376077772593732,3399.99999999999,NA
"33",8,"MAT Jan-Feb Savanna rate vs rate","(Intercept)","fixed",0.40380157421948,0.22446341853356,0.585840363200987,3144.70165042875,0.000294117647058824
"34",8,"MAT Jan-Feb Savanna rate vs rate","estimate","fixed",-0.697133514109126,-2.32530288809176,0.88273963681786,3187.93475392356,0.379411764705882
"35",8,"MAT Jan-Feb Savanna rate vs rate","(Intercept):(Intercept).geo.coords","random",0.163169018647718,0.0587058851906755,0.287614765099961,3399.99999999999,NA
"36",8,"MAT Jan-Feb Savanna rate vs rate","units","residual",0.597793380754937,0.541496975584466,0.661296195103409,3223.00234520769,NA
"37",9,"MAP Tundra rate vs rate","(Intercept)","fixed",0.174237021743053,0.0514773268369026,0.310414480714826,3400,0.00941176470588245
"38",9,"MAP Tundra rate vs rate","estimate","fixed",0.0268487145057764,-0.0908980684325797,0.137056343228323,3074.16501204539,0.650588235294118
"39",9,"MAP Tundra rate vs rate","(Intercept):(Intercept).geo.coords","random",0.0580733622417636,0.00842823893942131,0.122995520933068,3175.55833400338,NA
"40",9,"MAP Tundra rate vs rate","units","residual",0.346966416144822,0.290799187819515,0.403148997772032,3399.99999999999,NA
"41",10,"MAP Savanna rate vs rate","(Intercept)","fixed",0.36090770336603,0.177317399844469,0.531099342369998,3400,0.000294117647058824
"42",10,"MAP Savanna rate vs rate","estimate","fixed",0.0555703056884815,-0.00131341557425912,0.108735905931098,3400,0.0517647058823529
"43",10,"MAP Savanna rate vs rate","(Intercept):(Intercept).geo.coords","random",0.158245609825403,0.0620929218831354,0.279629872971905,3400,NA
"44",10,"MAP Savanna rate vs rate","units","residual",0.594746722907251,0.537989165199066,0.657976866198953,2611.50845023148,NA
"45",11,"MAP Jan-Feb Tundra rate vs rate","(Intercept)","fixed",0.185131859792502,0.0600593091749033,0.310939682560274,3400,0.00764705882352934
"46",11,"MAP Jan-Feb Tundra rate vs rate","estimate","fixed",-0.0517257268335885,-0.153460038607591,0.0493106979483855,3400,0.305882352941176
"47",11,"MAP Jan-Feb Tundra rate vs rate","(Intercept):(Intercept).geo.coords","random",0.0557093268565406,0.00972738365158393,0.120004380827308,3400,NA
"48",11,"MAP Jan-Feb Tundra rate vs rate","units","residual",0.345474606544331,0.292376681420339,0.402799633477036,3262.68290314163,NA
"49",12,"MAP Jan-Feb Savanna rate vs rate","(Intercept)","fixed",0.364201030074175,0.175412816229255,0.535836457100231,3400.00000000001,0.000588235294117556
"50",12,"MAP Jan-Feb Savanna rate vs rate","estimate","fixed",0.0320300797055766,-0.00356917250610422,0.0647613735782215,3400.00000000001,0.0729411764705883
"51",12,"MAP Jan-Feb Savanna rate vs rate","(Intercept):(Intercept).geo.coords","random",0.166701654961771,0.0635662450776477,0.290798926936524,3175.62427847056,NA
"52",12,"MAP Jan-Feb Savanna rate vs rate","units","residual",0.594989005918051,0.537818272969598,0.657947090871302,3400,NA
"53",13,"MAP Jun-Jul Tundra rate vs rate","(Intercept)","fixed",0.179465862255432,0.0477468507233425,0.306374947307631,3400,0.00941176470588245
"54",13,"MAP Jun-Jul Tundra rate vs rate","estimate","fixed",0.00683521426166519,-0.0685096883607912,0.0926112859160639,3399.99999999999,0.869411764705882
"55",13,"MAP Jun-Jul Tundra rate vs rate","(Intercept):(Intercept).geo.coords","random",0.0593779628241854,0.00812459799139656,0.124330224775618,3400,NA
"56",13,"MAP Jun-Jul Tundra rate vs rate","units","residual",0.34557006167907,0.290778948113145,0.402138995862871,3400,NA
"57",14,"MAP Jun-Jul Savanna rate vs rate","(Intercept)","fixed",0.380441510400091,0.200672886014218,0.557154373498634,3399.99999999999,0.000294117647058824
"58",14,"MAP Jun-Jul Savanna rate vs rate","estimate","fixed",-0.00439829722000143,-0.0367830964896712,0.0300188332184916,3400,0.8
"59",14,"MAP Jun-Jul Savanna rate vs rate","(Intercept):(Intercept).geo.coords","random",0.163058111221681,0.0708856914178569,0.28948676352073,3035.85538091217,NA
"60",14,"MAP Jun-Jul Savanna rate vs rate","units","residual",0.598213934816147,0.536614545598125,0.657972314039063,3400,NA
"61",15,"MAT Min Tundra rate vs rate","(Intercept)","fixed",0.272210308376238,0.123635551015468,0.399500883431756,3806.85485190376,0.000588235294117556
"62",15,"MAT Min Tundra rate vs rate","estimate","fixed",-1.16027905605747,-1.82852903385356,-0.557026899696211,3693.37167472852,0.000588235294117647
"63",15,"MAT Min Tundra rate vs rate","(Intercept):(Intercept).geo.coords","random",0.0596700954785646,0.0133525246348964,0.123195729465444,3400.00000000001,NA
"64",15,"MAT Min Tundra rate vs rate","units","residual",0.330012224975777,0.27771187087581,0.382818836553522,3624.41521612135,NA
"65",16,"MAT Min Savanna rate vs rate","(Intercept)","fixed",0.38407499154065,0.218522937961097,0.570989686796565,3400.00000000001,0.000588235294117556
"66",16,"MAT Min Savanna rate vs rate","estimate","fixed",-0.191738726872989,-1.61394613579614,1.16665718943477,3553.03015374518,0.810588235294118
"67",16,"MAT Min Savanna rate vs rate","(Intercept):(Intercept).geo.coords","random",0.163341690704276,0.0685138978508568,0.288137883774771,3228.41599036583,NA
"68",16,"MAT Min Savanna rate vs rate","units","residual",0.598743210634656,0.538071566601136,0.660358189069503,3143.97434605611,NA
"69",17,"MAT Max Tundra rate vs rate","(Intercept)","fixed",0.205174790714462,0.0584812663437333,0.345529041049303,3400,0.00588235294117645
"70",17,"MAT Max Tundra rate vs rate","estimate","fixed",-0.520040957844996,-1.94450414296807,0.893802936916472,3440.74238291431,0.468823529411765
"71",17,"MAT Max Tundra rate vs rate","(Intercept):(Intercept).geo.coords","random",0.0544259054245372,0.00627502011853453,0.115757176170251,3400.00000000001,NA
"72",17,"MAT Max Tundra rate vs rate","units","residual",0.345896483644292,0.291507746691258,0.401705236468701,3400,NA
"73",18,"MAT Max Savanna rate vs rate","(Intercept)","fixed",0.389860372647833,0.21419840314411,0.573740469088079,3400,0.000588235294117556
"74",18,"MAT Max Savanna rate vs rate","estimate","fixed",-0.472916871077424,-2.24886771813908,1.26045528336545,4089.56810932136,0.592941176470588
"75",18,"MAT Max Savanna rate vs rate","(Intercept):(Intercept).geo.coords","random",0.160047878319644,0.0644121643467988,0.287908345616498,2733.87958890729,NA
"76",18,"MAT Max Savanna rate vs rate","units","residual",0.597409341200172,0.537118301971701,0.657897681553783,3421.42833296036,NA
"77",19,"MAP Min Tundra rate vs rate","(Intercept)","fixed",0.204968519065264,0.0769258181389887,0.338105964372517,3400.00000000001,0.00235294117647067
"78",19,"MAP Min Tundra rate vs rate","estimate","fixed",-0.167470623425418,-0.330124714460908,-0.00762907917669509,3400,0.0458823529411765
"79",19,"MAP Min Tundra rate vs rate","(Intercept):(Intercept).geo.coords","random",0.056879164904302,0.00876080028396038,0.119512874578781,3400,NA
"80",19,"MAP Min Tundra rate vs rate","units","residual",0.341554296437617,0.289634963986737,0.404061837989,3400,NA
"81",20,"MAP Min Savanna rate vs rate","(Intercept)","fixed",0.372474055502021,0.213118109793868,0.550809005421797,3400,0.000294117647058824
"82",20,"MAP Min Savanna rate vs rate","estimate","fixed",-0.469702697287677,-0.956026962405303,-0.00903211618424393,3400.00000000001,0.05
"83",20,"MAP Min Savanna rate vs rate","(Intercept):(Intercept).geo.coords","random",0.151465629278765,0.055643459133296,0.265300397554707,3121.33004615894,NA
"84",20,"MAP Min Savanna rate vs rate","units","residual",0.596779654505125,0.539986828263287,0.660402619823246,3400,NA
"85",21,"MAP Max Tundra rate vs rate","(Intercept)","fixed",0.168753888901227,0.0407676448667189,0.290141703677364,3344.3365009366,0.0129411764705882
"86",21,"MAP Max Tundra rate vs rate","estimate","fixed",0.0429438249493218,-0.00931233701339806,0.0871709853527136,3713.82044931534,0.0805882352941176
"87",21,"MAP Max Tundra rate vs rate","(Intercept):(Intercept).geo.coords","random",0.0504486414146064,0.00710465889598731,0.109093394959025,3400.00000000001,NA
"88",21,"MAP Max Tundra rate vs rate","units","residual",0.344316150486054,0.289300544314965,0.401407466203911,3400,NA
"89",22,"MAP Max Savanna rate vs rate","(Intercept)","fixed",0.335042865826998,0.15437282464336,0.498637844459154,3210.89264763836,0.00117647058823533
"90",22,"MAP Max Savanna rate vs rate","estimate","fixed",0.0159698318009402,0.00409648788809136,0.0291385331893252,3400,0.0141176470588236
"91",22,"MAP Max Savanna rate vs rate","(Intercept):(Intercept).geo.coords","random",0.149442353844333,0.0546817625699367,0.264334898804868,3153.95538099399,NA
"92",22,"MAP Max Savanna rate vs rate","units","residual",0.594014763816825,0.534108777310955,0.653488564707222,3400,NA
"93",23,"MAT & MAP change interaction Tundra","(Intercept)","fixed",0.472995427440213,0.280046053190517,0.65465037478134,3324,0.000300842358604091
"94",23,"MAT & MAP change interaction Tundra","estimate.x","fixed",-1.7398034870064,-3.21049285081972,-0.154282526636962,3578.00765547518,0.0276774969915764
"95",23,"MAT & MAP change interaction Tundra","estimate.y","fixed",0.0743716492033639,-0.0663588013267145,0.210122036849498,3324,0.306257521058965
"96",23,"MAT & MAP change interaction Tundra","estimate.x:estimate.y","fixed",-0.489287032655261,-2.82590116912615,1.78408379835309,3323.99999999999,0.69193742478941
"97",23,"MAT & MAP change interaction Tundra","(Intercept):(Intercept).geo.coords.x","random",0.165034634171607,0.0507694441369467,0.296799460844692,3324,NA
"98",23,"MAT & MAP change interaction Tundra","units","residual",0.23050179741505,0.191937449232066,0.266940829762685,3324.00000000001,NA
"99",24,"MAT & MAP change interaction Savanna","(Intercept)","fixed",0.530405929241286,0.373887335823383,0.674146710902278,3324,0.000300842358604091
"100",24,"MAT & MAP change interaction Savanna","estimate.x","fixed",1.6685532859602,-0.741640368578373,3.98122568347753,3324,0.163658243080626
"101",24,"MAT & MAP change interaction Savanna","estimate.y","fixed",0.016667824223856,-0.030793338206422,0.0692676257749554,3324,0.495788206979543
"102",24,"MAT & MAP change interaction Savanna","estimate.x:estimate.y","fixed",0.339556685732188,-0.756099734542659,1.48944994724297,3324,0.564380264741276
"103",24,"MAT & MAP change interaction Savanna","(Intercept):(Intercept).geo.coords.x","random",0.115944940635841,0.0451499177822631,0.201675353749869,3755.75175190373,NA
"104",24,"MAT & MAP change interaction Savanna","units","residual",0.444482166384743,0.399089423145057,0.488072479490318,3324,NA
"105",25,"Magnitude vs magnitude MAT Tundra","(Intercept)","fixed",0.931192366502778,-1.3446957799315,3.31521357831662,2856.19086490357,0.436470588235294
"106",25,"Magnitude vs magnitude MAT Tundra","climdif","fixed",0.83037216605921,-1.49679572930654,3.08058634083136,3400.00000000001,0.477058823529412
"107",25,"Magnitude vs magnitude MAT Tundra","(Intercept):(Intercept).Site.ID.x","random",1.98112823754527,8.38933099165403e-08,7.933174673853,2858.62050027351,NA
"108",25,"Magnitude vs magnitude MAT Tundra","climdif:(Intercept).Site.ID.x","random",-0.934541568446506,-6.84883754201234,3.04800537615469,3400,NA
"109",25,"Magnitude vs magnitude MAT Tundra","(Intercept):climdif.Site.ID.x","random",-0.934541568446506,-6.84883754201234,3.04800537615469,3399.99999999999,NA
"110",25,"Magnitude vs magnitude MAT Tundra","climdif:climdif.Site.ID.x","random",9.21049764777779,0.00017256015146753,20.9424244025714,2605.52875013239,NA
"111",25,"Magnitude vs magnitude MAT Tundra","units","residual",27.5717157706127,20.0614869127176,35.909312585765,3224.91905843061,NA
"112",26,"Magnitude vs magnitude MAT Savanna","(Intercept)","fixed",1.1696918929328,-0.202140352739661,2.57509997034504,3400,0.109411764705882
"113",26,"Magnitude vs magnitude MAT Savanna","climdif","fixed",2.11535897338431,-1.86314130206301,5.57615003109095,3400,0.261764705882353
"114",26,"Magnitude vs magnitude MAT Savanna","(Intercept):(Intercept).Site.ID.x","random",13.4078762769345,4.53168536989593e-05,31.4000918232243,2530.16061821477,NA
"115",26,"Magnitude vs magnitude MAT Savanna","climdif:(Intercept).Site.ID.x","random",-1.76783797729358,-18.7626373203711,11.2954236437002,2641.80564791817,NA
"116",26,"Magnitude vs magnitude MAT Savanna","(Intercept):climdif.Site.ID.x","random",-1.76783797729358,-18.7626373203711,11.2954236437002,2641.80564791817,NA
"117",26,"Magnitude vs magnitude MAT Savanna","climdif:climdif.Site.ID.x","random",22.8581290701186,3.65930675932089e-06,81.8589630860648,2937.11397057923,NA
"118",26,"Magnitude vs magnitude MAT Savanna","units","residual",35.9297177160202,17.6414351971644,52.6705562090716,2467.01806519606,NA
"119",27,"Magnitude vs magnitude MAP Tundra","(Intercept)","fixed",1.12016992203951,-0.772764775778342,3.22853104760361,3324.79134661604,0.258235294117647
"120",27,"Magnitude vs magnitude MAP Tundra","climdif","fixed",0.0963255755867645,-0.0421872019069269,0.240339780444629,3399.99999999999,0.167058823529412
"121",27,"Magnitude vs magnitude MAP Tundra","(Intercept):(Intercept).Site.ID.x","random",6.26015957141099,7.11865521575566e-08,16.6750582547912,3400,NA
"122",27,"Magnitude vs magnitude MAP Tundra","climdif:(Intercept).Site.ID.x","random",-0.0860452590839103,-0.540152606736572,0.174515977716681,3400,NA
"123",27,"Magnitude vs magnitude MAP Tundra","(Intercept):climdif.Site.ID.x","random",-0.0860452590839103,-0.540152606736572,0.174515977716681,3400,NA
"124",27,"Magnitude vs magnitude MAP Tundra","climdif:climdif.Site.ID.x","random",0.0121437377397309,5.01011258377548e-09,0.0461100450728967,3400,NA
"125",27,"Magnitude vs magnitude MAP Tundra","units","residual",17.9750287565664,12.0209595852652,24.9763454777625,3400.00000000001,NA
"126",28,"Magnitude vs magnitude MAP Savanna","(Intercept)","fixed",-0.213495138079923,-2.10055884003668,1.67259327016654,2322.53806308447,0.825882352941177
"127",28,"Magnitude vs magnitude MAP Savanna","climdif","fixed",0.155963280383276,0.0399120063375449,0.271167515093111,1762.62111921985,0.00117647058823533
"128",28,"Magnitude vs magnitude MAP Savanna","(Intercept):(Intercept).Site.ID.x","random",33.6566072248093,1.40939365518817e-06,65.1124594133841,914.44366719689,NA
"129",28,"Magnitude vs magnitude MAP Savanna","climdif:(Intercept).Site.ID.x","random",-0.367342174021866,-1.91344263071412,0.288844461681835,1111.38202632547,NA
"130",28,"Magnitude vs magnitude MAP Savanna","(Intercept):climdif.Site.ID.x","random",-0.367342174021866,-1.91344263071412,0.288844461681835,1111.38202632547,NA
"131",28,"Magnitude vs magnitude MAP Savanna","climdif:climdif.Site.ID.x","random",0.0245399868521985,3.28467291887398e-09,0.122639358901698,1050.07558387923,NA
"132",28,"Magnitude vs magnitude MAP Savanna","units","residual",23.5186838197714,1.309600356522,52.3036713592788,743.219945236031,NA
"133",29,"Precip x MAT change Tundra","(Intercept)","fixed",0.553715990800417,0.349720369005809,0.786142780867522,3400.00000000001,0.000294117647058824
"134",29,"Precip x MAT change Tundra","estimate","fixed",-6.00934445633376,-8.82342397723187,-3.1119021656923,3574.96757290728,0.000294117647058824
"135",29,"Precip x MAT change Tundra","precip","fixed",-0.000371809024679117,-0.000689610271365382,-8.22741130832583e-05,3572.51131190535,0.0170588235294118
"136",29,"Precip x MAT change Tundra","estimate:precip","fixed",0.00724369563260814,0.00067762393882731,0.0135490949032828,3681.76397453565,0.0247058823529411
"137",29,"Precip x MAT change Tundra","(Intercept):(Intercept).geo.coords","random",0.0509481032512976,0.00392860665735094,0.112014098482838,3400,NA
"138",29,"Precip x MAT change Tundra","units","residual",0.324732906944222,0.275097385198279,0.379532556027152,3400,NA
"139",30,"Precip x MAT change Savanna","(Intercept)","fixed",0.223335592183618,-0.0261079562515079,0.469914450892247,4613.24622097113,0.0735294117647058
"140",30,"Precip x MAT change Savanna","estimate","fixed",-2.05331862313067,-7.23225711406849,3.51779730264388,3400,0.458235294117647
"141",30,"Precip x MAT change Savanna","precip","fixed",0.000238443221763844,4.38636925537139e-06,0.000479093227113481,3400.00000000001,0.0494117647058823
"142",30,"Precip x MAT change Savanna","estimate:precip","fixed",3.53833610187802e-05,-0.00600286461121868,0.00621433035121299,3043.82587120576,1
"143",30,"Precip x MAT change Savanna","(Intercept):(Intercept).geo.coords","random",0.147213047013849,0.0537635678047026,0.256432398263748,3400.00000000001,NA
"144",30,"Precip x MAT change Savanna","units","residual",0.596952802251247,0.538038037654611,0.655807743438791,3350.36654042149,NA
"145",31,"Temperature x MAP change Tundra","(Intercept)","fixed",0.202783603742466,0.0231948500077124,0.376617735848413,3399.99999999999,0.0258823529411765
"146",31,"Temperature x MAP change Tundra","estimate","fixed",0.0510877572791553,-0.0799543900502613,0.200508556369641,3400,0.475294117647059
"147",31,"Temperature x MAP change Tundra","tempc","fixed",0.00457524808110584,-0.015240891763824,0.0254016875842353,3400,0.66
"148",31,"Temperature x MAP change Tundra","estimate:tempc","fixed",0.00803529108122974,-0.0179374769650167,0.0357802068465389,3400,0.555294117647059
"149",31,"Temperature x MAP change Tundra","(Intercept):(Intercept).geo.coords","random",0.0641798212653577,0.0105852627790318,0.138836305682596,3400,NA
"150",31,"Temperature x MAP change Tundra","units","residual",0.345743562835111,0.288075103924424,0.399950672745251,3803.46791006489,NA
"151",32,"Temperature x MAP change Savanna","(Intercept)","fixed",-0.0361881701725012,-0.902099269471364,0.884165335955913,3234.75632587697,0.938235294117647
"152",32,"Temperature x MAP change Savanna","estimate","fixed",-0.0363686499091727,-0.595138125550875,0.478986640227959,3400.00000000001,0.878823529411765
"153",32,"Temperature x MAP change Savanna","tempc","fixed",0.0163913482262558,-0.022368715290213,0.0498286283109337,3399.99999999999,0.392352941176471
"154",32,"Temperature x MAP change Savanna","estimate:tempc","fixed",0.00377149112688325,-0.0184992844588123,0.0250857877981616,3400,0.726470588235294
"155",32,"Temperature x MAP change Savanna","(Intercept):(Intercept).geo.coords","random",0.152636964699252,0.0608307316404545,0.271268298978862,2818.57588861346,NA
"156",32,"Temperature x MAP change Savanna","units","residual",0.596773135945117,0.541539846382377,0.663401059043152,3526.66024591398,NA
"157",33,"Precip x MAP change Savanna","(Intercept)","fixed",0.281176109723507,-0.0121113516215701,0.596565163839841,3324,0.0716004813477737
"158",33,"Precip x MAP change Savanna","tempc","fixed",0.0096204016882065,-0.016496769952937,0.0377791157494052,3324.00000000001,0.487966305655836
"159",33,"Precip x MAP change Savanna","precip","fixed",-9.52566535317926e-05,-0.000408452382544056,0.00025445031496929,2705.54343152875,0.561973525872443
"160",33,"Precip x MAP change Savanna","tempc:precip","fixed",-1.2870473145529e-06,-4.53186803497374e-05,4.34522444265895e-05,3324,0.956678700361011
"161",33,"Precip x MAP change Savanna","(Intercept):(Intercept).geo.coords","random",0.055523524505565,1.05161988140769e-12,0.120551813562022,635.531130324019,NA
"162",33,"Precip x MAP change Savanna","units","residual",0.348054872115162,0.291876516139844,0.406371279727767,945.916283447456,NA
"163",34,"Precip x MAP change Tundra","(Intercept)","fixed",0.798878902668556,-0.776394763583085,2.44216237598448,3324,0.324308062575211
"164",34,"Precip x MAP change Tundra","tempc","fixed",-0.0250662092098522,-0.089882239641156,0.0381306880162811,3502.86316807341,0.435018050541516
"165",34,"Precip x MAP change Tundra","precip","fixed",-0.00125127776134566,-0.00280078294963459,0.000294107137960964,3324,0.117930204572804
"166",34,"Precip x MAP change Tundra","tempc:precip","fixed",6.19580906984576e-05,-1.08694439404644e-06,0.000125334365293384,3324,0.0667870036101084
"167",34,"Precip x MAP change Tundra","(Intercept):(Intercept).geo.coords","random",0.144650627336968,0.0580902125110005,0.263925426420654,3267.87773406352,NA
"168",34,"Precip x MAP change Tundra","units","residual",0.593126552468359,0.532890726038798,0.651859227517385,3463.30095517567,NA
"169",35,"Temperature x MAT change Savanna","(Intercept)","fixed",0.374196551964208,0.219849941655411,0.543582713551586,3400,0.000294117647058824
"170",35,"Temperature x MAT change Savanna","estimate","fixed",-3.23104501093262,-4.81998739647679,-1.60094238592137,3400,0.000294117647058824
"171",35,"Temperature x MAT change Savanna","(Intercept):(Intercept).geo.coords","random",0.0632377507979175,0.00779347401414642,0.13392380552985,3400,NA
"172",35,"Temperature x MAT change Savanna","units","residual",0.326688746154909,0.275026520856207,0.379125905751611,3400.00000000001,NA
"173",36,"Temperature x MAT change Tundra","(Intercept)","fixed",0.406761014408207,0.233008773248002,0.597648398048477,3400,0.000294117647058824
"174",36,"Temperature x MAT change Tundra","estimate","fixed",-1.67557473334957,-4.37414479792278,1.07051359090838,3571.34491032123,0.237058823529412
"175",36,"Temperature x MAT change Tundra","(Intercept):(Intercept).geo.coords","random",0.162675535336073,0.0608822322604219,0.284092093888099,3121.24410379144,NA
"176",36,"Temperature x MAT change Tundra","units","residual",0.596372870608248,0.536704210526001,0.656159200042172,3400,NA
"177",37,"Increasing cover means","(Intercept)","fixed",0.632362762445557,0.567635658328072,0.696235112147406,3324.00000000001,0.000300842358604091
"178",37,"Increasing cover means","Biome_typeTundra","fixed",-0.256179979369402,-0.367667540645925,-0.134916154664097,3324,0.000300842358604091
"179",37,"Increasing cover means","units","residual",0.553179589419506,0.501141057752884,0.612076619165961,3323.99999999999,NA
"180",38,"Stable cover means","(Intercept)","fixed",0.000326574675053343,-0.00107823686266784,0.00158040574751794,3324,0.617328519855596
"181",38,"Stable cover means","Biome_typeTundra","fixed",0.000708337505382444,-0.0014568735496141,0.00261000185855664,3324,0.487966305655836
"182",38,"Stable cover means","units","residual",2.10818008733486e-05,1.49793208960461e-05,2.81281690949404e-05,3324.00000000001,NA
"183",39,"Decreasing cover means","(Intercept)","fixed",-0.409477221984782,-0.485613465178176,-0.338792790396838,3029.25748979599,0.000300842358604091
"184",39,"Decreasing cover means","Biome_typeTundra","fixed",0.0426240198470253,-0.102816738159163,0.198816890340822,3324,0.581829121540313
"185",39,"Decreasing cover means","units","residual",0.29544752144288,0.244503477752273,0.34511100936623,3324.00000000001,NA
"186",40,"Overall cover change means","(Intercept)","fixed",0.321125461723065,0.267937096919923,0.377240229936433,3324.00000000001,0.000300842358604091
"187",40,"Overall cover change means","Biome_typeTundra","fixed",-0.14089142301762,-0.241856557669962,-0.0356574230318074,3323.99999999999,0.00842358604091456
"188",40,"Overall cover change means","units","residual",0.625592135975953,0.573469949280773,0.677499715598659,3324,NA
"189",41,"Study duration means","(Intercept)","fixed",16.9485284157281,15.8489548267989,18.0749880297517,3029.05804423208,0.000300842358604091
"190",41,"Study duration means","Biome_typeTundra","fixed",4.42579596670065,2.4664013281581,6.73873714957153,3324,0.000300842358604091
"191",41,"Study duration means","units","residual",274.764496662012,251.572171153903,298.654888009485,3323.99999999999,NA
"192",42,"MAT change","Biome_typeSavanna","fixed",0.0124341756893479,0.00988717922882643,0.0150215471512638,3324,0.000300842358604091
"193",42,"MAT change","Biome_typeTundra","fixed",0.0581167027408946,0.0541638236754807,0.062418205292488,3324,0.000300842358604091
"194",42,"MAT change","units","residual",0.00137117963819077,0.00125760318567389,0.00148708891906272,3323.99999999999,NA
"195",43,"Jun-Jul MAT change","Biome_typeSavanna","fixed",0.0174454717428526,0.0136537387443241,0.021130723405804,3502.88552218226,0.000300842358604091
"196",43,"Jun-Jul MAT change","Biome_typeTundra","fixed",0.0458302462245883,0.0401036143593956,0.0515151611471083,3324.00000000001,0.000300842358604091
"197",43,"Jun-Jul MAT change","units","residual",0.00273093639287583,0.00251464032299512,0.00296856564988173,3323.99999999999,NA
"198",44,"Jan-Feb MAT change","Biome_typeSavanna","fixed",0.0250633041431044,0.018963245456689,0.0312403465504758,3324.00000000001,0.000300842358604091
"199",44,"Jan-Feb MAT change","Biome_typeTundra","fixed",0.0682095182785191,0.0588800348195946,0.0781647826624976,3324,0.000300842358604091
"200",44,"Jan-Feb MAT change","units","residual",0.0077829305868102,0.00713774759425124,0.00845794772670126,3073.91648824715,NA
"201",45,"MAP change","Biome_typeSavanna","fixed",0.436495008192063,0.357692063276772,0.513118603965268,3324,0.000300842358604091
"202",45,"MAP change","Biome_typeTundra","fixed",0.147589996497603,0.0297884151805192,0.269671675319842,3323.99999999999,0.0216606498194947
"203",45,"MAP change","units","residual",1.22142066383632,1.12270101863378,1.32344803786553,3324,NA
"204",46,"Jan-Feb MAP change","Biome_typeSavanna","fixed",0.650821248168671,0.524252988288936,0.770801337203011,3324.00000000001,0.000300842358604091
"205",46,"Jan-Feb MAP change","Biome_typeTundra","fixed",0.17830009226125,-0.0209214388887631,0.36090822530241,3627.60992624597,0.078820697954272
"206",46,"Jan-Feb MAP change","units","residual",3.06400944259842,2.79836692119172,3.31793115429755,3324.00000000001,NA
"207",47,"Jun-Jul MAP change","Biome_typeSavanna","fixed",0.594593699174906,0.445132922031917,0.740381161027472,3323.99999999999,0.000300842358604091
"208",47,"Jun-Jul MAP change","Biome_typeTundra","fixed",-0.0239325885003667,-0.267016482772306,0.201327818816935,3324,0.839951865222623
"209",47,"Jun-Jul MAP change","units","residual",4.57260383837731,4.19518836680961,4.97737740131012,2985.11449447953,NA
"210",48,"Min MAT change","Biome_typeSavanna","fixed",0.00582522013360699,0.000364010425982997,0.0122843963908963,3138.88168349161,0.0595667870036101
"211",48,"Min MAT change","Biome_typeTundra","fixed",0.0730883624772245,0.0642254072372452,0.0828974534742883,3324,0.000300842358604091
"212",48,"Min MAT change","units","residual",0.0071723751615788,0.00659274536189341,0.00777536211480131,3324.00000000001,NA
"213",49,"Max MAT change","Biome_typeSavanna","fixed",0.017796309920628,0.0146175195113756,0.021149720181711,3324.00000000001,0.000300842358604091
"214",49,"Max MAT change","Biome_typeTundra","fixed",0.0444899406648921,0.0388370042055612,0.0498317548481282,3323.99999999999,0.000300842358604091
"215",49,"Max MAT change","units","residual",0.00232456149393469,0.00214142340285085,0.00252842684996363,3324,NA
"216",50,"Min MAP change","Biome_typeSavanna","fixed",-0.00871376642113166,-0.0300230455759447,0.012161993454356,3324,0.416365824308063
"217",50,"Min MAP change","Biome_typeTundra","fixed",0.144736177472585,0.112134261362371,0.175128131406382,2986.61087205869,0.000300842358604091
"218",50,"Min MAP change","units","residual",0.0865253763084284,0.078924123242663,0.0935870067124137,3324,NA
"219",51,"Max MAP change","Biome_typeSavanna","fixed",2.8325125256559,2.45393407802476,3.20754063580534,3323.99999999999,0.000300842358604091
"220",51,"Max MAP change","Biome_typeTundra","fixed",0.197065389314495,-0.351751160778804,0.789847606756666,3324.00000000001,0.50661853188929
"221",51,"Max MAP change","units","residual",27.3161964032316,24.9652449108577,29.4782854722684,3203.35945538402,NA
"222",52,"Study length and tundra cover","(Intercept)","fixed",0.188197563648129,0.0569997015991248,0.304128030562424,2694.48532896487,0.00160000000000005
"223",52,"Study length and tundra cover","Time_period","fixed",-0.000299383216135599,-0.00469467461880413,0.00433955973130651,2500,0.9128
"224",52,"Study length and tundra cover","units","residual",0.385410183110817,0.325030475370457,0.445929723265432,2617.90536540239,NA
"225",53,"Study length and savanna cover","(Intercept)","fixed",0.300697677676311,0.222312742931535,0.391567758968449,3764.20992102547,4e-04
"226",53,"Study length and savanna cover","Time_period","fixed",0.00122158608231977,-0.00227841144078411,0.00454020749748452,2500,0.5056
"227",53,"Study length and savanna cover","units","residual",0.725069780388358,0.65861623447155,0.797129885777054,2500,NA
"228",54,"Species vs group Tundra","(Intercept)","fixed",0.166167332920498,0.00232750178838614,0.309898420247919,3323.99999999999,0.0282791817087846
"229",54,"Species vs group Tundra","Species_GroupGroup","fixed",0.0171384231016782,-0.147491969924886,0.187200803906308,3324,0.83453670276775
"230",54,"Species vs group Tundra","units","residual",0.38547568917457,0.321005176480048,0.442007155909467,3324,NA
"231",55,"Species vs group Savanna","(Intercept)","fixed",0.306546300132973,0.244857655648957,0.370152916784718,3324,0.000300842358604091
"232",55,"Species vs group Savanna","Species_GroupSpecies","fixed",0.171561273747523,-0.0387093365843612,0.393201708422566,3324,0.120938628158845
"233",55,"Species vs group Savanna","units","residual",0.724471035511603,0.655325372902183,0.800413483342414,3324,NA
"234",56,"High vs low rainfall savannas","(Intercept)","fixed",0.41804609118761,0.323638231704535,0.510804985897266,3167,0.000315756236185665
"235",56,"High vs low rainfall savannas","low_highlow","fixed",-0.164521556999415,-0.279280663584359,-0.0412486483110115,3167,0.00442058730659931
"236",56,"High vs low rainfall savannas","units","residual",0.719553911652445,0.650110114620705,0.79088956057695,3167,NA
